recommendation,decision,pages,hebrew,category,reason,examples
להשאיר,keep,343,יחידות ומבנים צבאיים של אוקראינה בפלישה,Military units and formations of Ukraine in the Russian invasion of Ukraine,יחידות צבאיות,101st Communications Regiment | 101st Guard Brigade Of General Staff | 1020th Anti-aircraft Missile Regiment (Ukraine) | 1039th Anti-aircraft Missile Regiment (Ukraine)
להשאיר,keep,112,יחידות ומבנים צבאיים של רוסיה בפלישה,Military units and formations of Russia in the Russian invasion of Ukraine,יחידות צבאיות,100th Separate Guards Reconnaissance Brigade | 103rd Rocket Brigade | 106th Guards Airborne Division | 11th Guards Air Assault Brigade
להשאיר,keep,107,"הדפים המומלצים: כוחות, קרבות, מקומות",seed-file:recommended_forces_battles_places.txt,נבחרו בכוונה כצבאיים,100th Mechanized Brigade | 110th Separate Guards Motor Rifle Brigade | 114th Separate Guards Motor Rifle Brigade | 125th Heavy Mechanized Brigade
להשאיר,keep,95,פשעי מלחמה בפלישה,War crimes during the Russian invasion of Ukraine,רובם תקיפות טילים עם מיקום,14 May 2026 Russian strikes on Ukraine | 15 March 2024 Odesa missile strikes | 16 March 2022 Chernihiv breadline attack | 2022 Kyiv shopping centre bombing
להשאיר,keep,65,מבנים שנהרסו בפלישה,Buildings and structures destroyed during the Russian invasion of Ukraine,"מטרות תקיפה, עם מיקום",101 Tower (Kyiv) | 169th Training Centre (Ukraine) | Antonivka Railway Bridge | Antonivka Road Bridge
להשאיר,keep,65,המלחמה הרוסית-אוקראינית,Russo-Ukrainian war,קטגוריית השורש,2014 pro-Russian unrest in Ukraine | 2018 Moscow–Constantinople schism | 2022 Ukrainian mobilization | 2024 visits by Viktor Orbán to Russia and China
להשאיר,keep,49,המלחמה בדונבס,War in Donbas,לב הנושא 2014-2021,2014 Ukrainian Air Force Ilyushin Il-76 shootdown | ANNA News | Anti-terrorist Operation Zone | Artemivsk Police Battalion
להשאיר,keep,47,המלחמה הרוסית-אוקראינית (2022-היום),Russo-Ukrainian war (2022–present),קטגוריית השורש,2022 Russian invasion of Ukraine | 2022 Russian martial law | 2022 Russian mobilization | 2022 Russo-Ukrainian Easter truce proposal
להשאיר,keep,46,ציוד צבאי בפלישה,Military equipment of the Russian invasion of Ukraine,נשק וציוד,3S-14 | Aerorozvidka R18 | Anti-drone mesh | Athlon Avia A1-CM Furia
להשאיר,keep,34,סיפוח קרים 2014,2014 Russian annexation of Crimea,אירוע צבאי מרכזי,Arabat Spit | Berkut (special police force) | Constitution of the Republic of Crimea | Day of Resistance to Occupation of Crimea and Sevastopol
להשאיר,keep,34,ספינות שהיו מעורבות בפלישה,Ships involved in the Russian invasion of Ukraine,צבאי ימי,MT Kairos | MT Orinda | MV Azburg | MV Banglar Samriddhi
להשאיר,keep,25,תקיפות בתוך רוסיה,Attacks in Russia during the Russo-Ukrainian war (2022–present),פעולות צבאיות,2023 Belgorod Oblast incursions | 2023 Bryansk Oblast raid | 2024 Ukrainian cyberattacks against Russia | 2025 Makhachkala clash
להשאיר,keep,23,ההקדמה לפלישה,Prelude to the Russian invasion of Ukraine,רקע ישיר למלחמה,2021 Black Sea incident | 2021 Russian ultimatum to NATO | 2021 Russia–United States summit | 2021 Ukrainian coup attempt allegations
להשאיר,keep,20,מעורבות זרה בפלישה,Foreign involvement in the Russian invasion of Ukraine,רובו כוחות זרים,"34th Assault Battalion ""Mad Pack"" | Belarusian involvement in the Russo-Ukrainian war (2022–present) | Chechen involvement in the Russo-Ukrainian war | China and the Russo-Ukrainian war"
להשאיר,keep,18,המהומות הפרו-רוסיות 2014,2014 pro-Russian unrest in Ukraine,תחילת הלחימה בדונבס,2014 Donbas general elections | 2014 Donbas status referendums | 2014 Odesa clashes | 2014 Russian sabotage activities in Ukraine
להשאיר,keep,18,יישובים שנהרסו בפלישה,Populated places destroyed during the Russian invasion of Ukraine,מקומות עם מיקום,"Andriivka, Bakhmut Raion, Donetsk Oblast | Avdiivka | Bakhmut | Chasiv Yar"
להשאיר,keep,17,המצור על מריופול,Siege of Mariupol,קרב,Aiden Aslin | Andrei Paliy | Association of Azovstal Defenders' Families | Bohdan Krotevych
להשאיר,keep,16,קורפוסים של צבא אוקראינה,Army corps of Ukraine in the Russo-Ukrainian war,יחידות צבאיות,10th Army Corps (Ukraine) | 11th Army Corps (Ukraine) | 12th Army Corps (Ukraine) | 14th Army Corps (Ukraine)
להשאיר,keep,16,הכיבוש הרוסי באוקראינה,Russian occupation of Ukraine,שטחים כבושים,Atesh | Flags used in Russian-occupied Ukraine | Mariupol | Russian occupation of Chernihiv Oblast
להשאיר,keep,16,רשימות הקשורות למלחמה,Russo-Ukrainian war related lists,"רשימות אבדות, גנרלים, יחידות",Diplomatic expulsions during the Russo-Ukrainian war | List of Russian generals killed during the Russo-Ukrainian war (2022–present) | List of Russian units which invaded the territory of Ukraine (2014–2022) | List of Russians killed fighting for the Ukrainian side during the Russian invasion of Ukraine
להשאיר,keep,15,לוחמת סייבר,Russo-Ukrainian cyberwarfare,לוחמה,Anonymous and the Russian invasion of Ukraine | CERT-UA | CyberBerkut | Dallas Analytics
להשאיר,keep,14,צירי זמן של המלחמה,Timelines of the Russo-Ukrainian war,מקור מצוין לאירועים,Timeline of the Russo-Ukrainian war (1 April – 31 July 2024) | Timeline of the Russo-Ukrainian war (1 August – 31 December 2024) | Timeline of the Russo-Ukrainian war (1 December 2023 – 31 March 2024) | Timeline of the Russo-Ukrainian war (1 January 2025 – 31 May 2025)
להשאיר,keep,12,מעורבות בלארוס בפלישה,Belarusian involvement in the Russian invasion of Ukraine,שטח שיגור הפלישה,Alexander Lukashenko | Aliaksiej Skoblia | Belarusian Hajun project | Belarusian partisan movement (2020–present)
להשאיר,keep,11,תנועת הפרטיזנים בבלארוס וברוסיה,Belarusian and Russian partisan movement (2022–present),חבלה ולחימה,Artpodgotovka | Black Bridge (Russia) | Black Spark (Russia) | Combat Organization of Anarcho-Communists
להשאיר,keep,11,מחוזות אוקראינה,Oblasts of Ukraine,"גיאוגרפיה, עם מיקום",Cherkasy Oblast | Chernivtsi Oblast | Ivano-Frankivsk Oblast | Khmelnytskyi Oblast
להשאיר,keep,11,ההתנגדות האוקראינית,Ukrainian resistance during the Russian invasion of Ukraine,פרטיזנים ולחימה,2022 protests in Russian-occupied Ukraine | Berdiansk Partisan Army | Canadian-Ukrainian Brigade | Popular Resistance of Ukraine
להשאיר,keep,10,קרים בפלישה,Crimea in the Russian invasion of Ukraine,תקיפות בקרים,2022 Crimean Bridge explosion | 2022 Saky air base attack | 2022 drone attack on the Sevastopol Naval Base | 2023 Crimean Bridge explosion
להשאיר,keep,9,טיסת מלזיה איירליינס 17,Malaysia Airlines Flight 17,"הופל בטיל, קשור ללחימה","Alexander Khodakovsky | Andrey Kartapolov | Chystiakove | Hrabove, Donetsk Oblast"
להשאיר,keep,9,יחידות ומבנים צבאיים בפלישה,Military units and formations of the Russian invasion of Ukraine,"יחידות, סדרי כוחות, ביצורים",2024 northern Kharkiv offensive order of battle | 249th Separate Special Motorized Battalion South | Fortifications of the Russian invasion of Ukraine | German Volunteer Corps
להשאיר,keep,8,צירי זמן של המלחמה בדונבס,Timelines of the war in Donbas,מקור מצוין לאירועים,Timeline of the war in Donbas (2014) | Timeline of the war in Donbas (2015) | Timeline of the war in Donbas (2016) | Timeline of the war in Donbas (2017)
להשאיר,keep,7,מערכות צבאיות בפלישה,Campaigns of the Russian invasion of Ukraine,לחימה,Dnieper campaign (2022–present) | Kharkiv Oblast campaign (2024–present) | Luhansk Oblast campaign | Middle strike campaign
להשאיר,keep,7,ספינות במלחמה,Ships involved in the Russo-Ukrainian war,צבאי ימי,Arctic Metagaz | Russian cruiser Kerch | Russian submarine Kolpino | Russian submarine Rostov-na-Donu
להשאיר,keep,7,עינויים בפלישה,Torture in the Russian invasion of Ukraine,"פשעי מלחמה במתקנים, כלא אולניבקה",Olenivka prison massacre | Phone call to Putin | Russian torture chambers in Ukraine | SIZO-2
להשאיר,keep,6,בלארוס במלחמה,Belarus in the Russo-Ukrainian war,יחידות מתנדבים בלארוסיות,"1st Separate Air Assault Company ""Belarus"" | Belarusian Volunteer Corps | Kastuś Kalinoŭski Regiment | Pahonia Detachment"
להשאיר,keep,6,פעולות צבאיות בדונבס,Military operations of the war in Donbas,לחימה,2014 Russian cross-border shelling of Ukraine | February 2015 Kramatorsk rocket attack | Fights on the Ukrainian–Russian border (2014) | Operation Orbital
להשאיר,keep,6,פעילות וגנר באוקראינה,Wagner Group activities in Ukraine,"קרבות (באחמוט, סולדר)",Assassination attempts on Volodymyr Zelenskyy | Battle of Bakhmut | Battle of Soledar | Igor Mangushev
להשאיר,keep,6,פשעי מלחמה במלחמה,War crimes in the Russo-Ukrainian war,תקיפות,2014 Novosvitlivka refugee convoy attack | 2015 Donetsk bus station attack | Atrocity crimes during the Russo-Ukrainian war | Conflict Observatory
להשאיר,keep,5,פשעי מלחמה רוסיים באוקראינה,Russian war crimes in Ukraine,תקיפות,2024 Pokrovsk missile strike | Elizaveta Glinka | Sack of Baturyn | Stepan Chubenko
להשאיר,keep,5,דפי פתיחה ידניים,seed,דפי מפתח,2014 Russian annexation of Crimea | Russia | Russo-Ukrainian war | Ukraine
להשאיר,keep,4,לוחמה אווירית,Aerial warfare in the Russian invasion of Ukraine,לחימה,Aerial warfare in the Russo-Ukrainian war | Battle of Antonov Airport | People's Bayraktar | Proposed no-fly zone in the Russian invasion of Ukraine
להשאיר,keep,4,פעולות צבאיות בפלישה,Military operations of the Russian invasion of Ukraine,לחימה,European Union Military Assistance Mission in support of Ukraine | List of military engagements during the Russo-Ukrainian war (2022–present) | Readiness 2030 | Wagner Group activities in Ukraine
להשאיר,keep,4,לוחמה ימית,Naval warfare in the Russian invasion of Ukraine,לחימה,Berdiansk port attack | Naval warfare in the Russo-Ukrainian war (2022–present) | Raids on the Tendra Spit | Sinking of the Moskva
להשאיר,keep,4,מעורבות צפון קוריאה,North Korean involvement in the Russian invasion of Ukraine,שליחת חיילים ונשק,2023 visit by Kim Jong Un to Russia | 2024 visit by Vladimir Putin to North Korea | Kim Yong Bok | North Korean–Russian Treaty on Comprehensive Strategic Partnership
להשאיר,keep,4,סיפוחים רוסיים,Russian annexations during the Russo-Ukrainian war,המחוזות שסופחו,Donetsk Oblast | Kherson Oblast | Luhansk Oblast | Zaporizhzhia Oblast
להשאיר,keep,4,סדרי כוחות בפלישה,Russian invasion of Ukraine orders of battle,מבנה כוחות,2023 Ukrainian counteroffensive order of battle | 2026 Ukrainian counteroffensive order of battle | Kharkiv Oblast campaign (2024–present) order of battle | Kursk campaign order of battle
להשאיר,keep,4,הפסקות אש,Russo-Ukrainian war truces,הפסקות אש,2023 Russian Christmas truce proposal | April 2026 Russo-Ukrainian truce | May 2026 Russo-Ukrainian truce | Russo-Ukrainian truce
להשאיר,keep,4,זירות לחימה בפלישה,Theatres of operation of the Russian invasion of Ukraine,חזיתות,2024 northern Kharkiv offensive | Eastern front of the Russo-Ukrainian war (2022–present) | Northern front of the Russian invasion of Ukraine | Southern front of the Russo-Ukrainian war (2022–present)
להשאיר,keep,3,מתקפות סייבר במלחמה,Cyberattacks during the Russo-Ukrainian war,לוחמה,2015 Ukraine power grid hack | 2016 Kyiv cyberattack | 2017 Ukraine ransomware attacks
להשאיר,keep,3,החזית הדרומית,Southern front of the Russian invasion of Ukraine,לחימה,Russian landing ship Novocherkassk | Russian landing ship Saratov | Russian patrol ship Sergey Kotov
להשאיר,keep,3,שימוש בתחמושת מצרר,Use of cluster munition during the Russian invasion of Ukraine,לחימה,Battle of Kharkiv (2022) | Battle of Mykolaiv | Kramatorsk railway station attack
להשאיר,keep,2,קרבות החזית הצפונית,Battles of the Northern front of the Russian invasion of Ukraine,קרבות,Battle of Slavutych | Battle of Sumy
להשאיר,keep,2,קרים במלחמה,Crimea in the Russo-Ukrainian war,תקריות צבאיות,Kerch Strait incident | Krym Battalion
להשאיר,keep,2,מעורבות זרה במלחמה,Foreign involvement in the Russo-Ukrainian war,מעורבות מדינות,Croatia and the Russo-Ukrainian war | Moldova and the Russo-Ukrainian war
להשאיר,keep,2,מתנדבים זרים בפלישה,Foreign volunteers in the Russian invasion of Ukraine,לוחמים,Foreign fighters in the Russo-Ukrainian war | Wilmer Puello-Mota
להשאיר,keep,2,פעולות צבאיות 2024,Military operations of the Russian invasion of Ukraine in 2024,לחימה,2024 Russia Beriev A-50 and Ilyushin Il-22 shootdowns | Intensive shelling of Ukraine on 13 December 2024
להשאיר,keep,2,החזית הצפונית,Northern front of the Russian invasion of Ukraine,לחימה,Kyiv TV Tower | Sumykhimprom ammonia leak
להשאיר,keep,2,מבני דת שנהרסו בפלישה,Religious buildings and structures destroyed during the Russian invasion of Ukraine,"מטרות תקיפה, עם מיקום",Chobotarska Synagogue | Sultan Suleiman Mosque
להשאיר,keep,2,ספינות שטבעו בפלישה,Shipwrecks of the Russian invasion of Ukraine,צבאי ימי,MV Helt | Ukrainian reconnaissance ship Simferopol
להשאיר,keep,2,צירי זמן של הפלישה,Timelines of the Russian invasion of Ukraine,מקור מצוין לאירועים,Timeline of the 2022 Russian invasion of Ukraine | Timeline of the Russo-Ukrainian war (2022–present)
להשאיר,keep,1,קרב באחמוט,Battle of Bakhmut,קרב,MiG-17 aircraft monument (Bakhmut)
להשאיר,keep,1,קרב חרקוב 2022,Battle of Kharkiv (2022),קרב,22nd Motorized Infantry Battalion (Ukraine)
להשאיר,keep,1,קרבות החזית המזרחית,Battles of the Eastern front of the Russian invasion of Ukraine,קרבות,2026 Dobropillia offensive
להשאיר,keep,1,קרבות החזית הדרומית,Battles of the Southern front of the Russian invasion of Ukraine,קרבות,Battle of Krynky
להשאיר,keep,1,הפגזות בפלישה,Bombardments of the Russian invasion of Ukraine,לחימה,Shelling of Huliaipole
להשאיר,keep,1,ציוד צבאי במלחמה,Military equipment of the Russo-Ukrainian war,ציוד,MCR Horizon's Lord
להשאיר,keep,1,פעולות צבאיות 2025,Military operations of the Russian invasion of Ukraine in 2025,לחימה,Operation Stream
להשאיר,keep,1,פעולות צבאיות במלחמה,Military operations of the Russo-Ukrainian war,לחימה,Operation Unifier
להשאיר,keep,1,תחנות כוח גרעיניות והפלישה,Nuclear power plants and the Russian invasion of Ukraine,כיבוש צ'רנוביל,Capture of Chernobyl
להשאיר,keep,1,תקיפות אוויר רוסיות,Russian airstrikes during the Russian invasion of Ukraine,לחימה,2025 MT Orinda fire
להשאיר,keep,1,משאלי עם רוסיים באוקראינה,Russian referendums in Ukraine,חלק מהסיפוח,2014 Crimean status referendum
להשאיר,keep,1,תקיפות אוויר אוקראיניות,Ukrainian airstrikes during the Russian invasion of Ukraine,לחימה,"Kamensky District, Rostov Oblast"
לדיון,keep,275,דפים מה-DATA.json של הצוות,seed-file:team_DATA_json_titles.txt,"החלטת צוות: מעורב, כולל שירים ופסגות",17 November 2024 Russian strikes on Ukraine | 18 March 2022 Mykolaiv military quarters attack | 1st European Political Community Summit | 20 Days in Mariupol
לדיון,remove,78,משתפי פעולה אוקראינים עם רוסיה,Ukrainian collaborators with Russia,בעיקר פוליטיקאים; חלקם מפקדים,Aleksandr Kharitonov (politician) | Aleksey Karyakin | Aleksey Mozgovoy | Aleksey Poteleshchenko
לדיון,remove,74,אנשים בסיפוח קרים 2014,People of the 2014 Russian annexation of Crimea,מעורב: מפקדים ופוליטיקאים,Aleksandr Dugin | Aleksandr Matovnikov | Aleksandr Vitko | Aleksei Chaly
לדיון,remove,71,אנשים פרו-אוקראינים בפלישה,Pro-Ukrainian people of the Russian invasion of Ukraine,מעורב: גנרלים (בן הודג'ס) ואזרחים,Andriy Raykovych | Artem Lysohor | Ben Hodges | David Knowles (journalist)
לדיון,remove,34,השפעות גולשות של הפלישה,Spillover of the Russian invasion of Ukraine,"חלק צבאי (טיל בפולין), חלק לא",2022 Transnistria attacks | 2022 Zagreb Tu-141 drone crash | 2022 missile explosion in Poland | 2023 Belgorod accidental bombing
לדיון,keep,30,אזרחים שנהרגו בפלישה,Civilians killed in the Russian invasion of Ukraine,דפים על אנשים פרטיים,Arman Soldin | Artem Datsyshyn | Borys Romanchenko | Brent Renaud
לדיון,keep,27,ארגונים במלחמה,Organizations of the Russo-Ukrainian war,מעורב: ארגוני מחאה וסיוע,Anti-War Committee of Russia | ArmWomenNow | Busly liaciać | Civic Council (Armed Forces of Ukraine)
לדיון,remove,22,תעמולה ברוסיה,Propaganda in Russia related to the Russian invasion of Ukraine,לוחמת מידע - צבאי?,2022 Moscow rally | 2022 address of the Russian Union of Rectors | 2022 annexation speech of Vladimir Putin | 2023 Moscow rally
לדיון,remove,19,דיסאינפורמציה בפלישה,Disinformation in the Russian invasion of Ukraine,לוחמת מידע - צבאי?,2022 Ukrainian prisoner of war beheading | Allegations of genocide in Donbas | Alo! | Blocking of YouTube in Russia
לדיון,keep,18,תהליך השלום,Russo-Ukrainian war peace process,דיפלומטי אבל מרכזי לשאלות,2025 London Summit on Ukraine | 2025 Russia–United States summit | 2025 Russia–United States summit in Hungary | 2025 Trump–Zelenskyy Oval Office meeting
לדיון,keep,13,אנשי קבוצת וגנר,People of the Wagner Group,מפקדים - אבל גם באפריקה,Alexander Antonov (soldier) | Alexey Milchakov | Andrei Troshev | Anton Yelizarov
לדיון,remove,12,אנשים במהומות 2014,People of the 2014 pro-Russian unrest in Ukraine,בעיקר פוליטיקאים,Death of Anatoly Klyan | Hennadiy Kernes | Mykhailo Dobkin | Nelya Shtepa
לדיון,remove,12,תעמולה באוקראינה,Propaganda in Ukraine related to the Russian invasion of Ukraine,לוחמת מידע - צבאי?,72nd Psychological and Information Warfare Center (Ukraine) | Alleged doubles of Vladimir Putin | Bayraktar (song) | Be Brave Like Ukraine
לדיון,keep,12,חיילים אוקראינים שנפלו בבאחמוט,Ukrainian military personnel killed during the Battle of Bakhmut,"חיילים, דפים אישיים",Dmytro Kotsiubailo | Finbar Cafferkey | Grygorii Tsekhmistrenko | Oleh Bobalo
לדיון,remove,10,אנשים בפלישה,People of the Russian invasion of Ukraine,מעורב: מפקדים ופוליטיקאים,Bjoern Seibert | Denys Davydov | Dmitry Medvedev | Dmytro Nazarenko (politician)
לדיון,keep,10,חיילים אוקראינים שנפלו במתקפה על קייב,Ukrainian military personnel killed in the Kyiv offensive,"חיילים, דפים אישיים",Hennadii Matuliak | Iryna Tsvila | Kateryna Stupnytska | Mykola Kravchenko
לדיון,remove,9,רצח עם והפלישה,Genocide and the Russian invasion of Ukraine,"משפטי, חלק עם מיקום",Allegations of genocide of Ukrainians in the Russo-Ukrainian war | Blockade of Oleshky | Bucha (film) | Bucha massacre
לדיון,remove,9,"ארה""ב והפלישה",United States and the Russian invasion of Ukraine,דיפלומטיה וביקורים,2022 Joe Biden speech in Warsaw | 2022 visit by Volodymyr Zelenskyy to the United States | 2023 visit by Joe Biden to Ukraine | Discord Leaks
לדיון,remove,8,תעמולה במלחמה,Propaganda in the Russo-Ukrainian war,בעיקר אנשים (בלוגרים),Janus Putkonen | Johan Bäckman | Juha Korhonen | Life.ru
לדיון,remove,8,עינויים במלחמה,Torture in the Russo-Ukrainian war,"פשעי מלחמה, חלק אנשים פרטיים",Iryna Dovhan | Oleksiy Bessarabov | Secret detention centers of SBU | Siege of Sloviansk
לדיון,remove,5,סין והפלישה,China and the Russian invasion of Ukraine,דיפלומטיה וייצור נשק,CRINK | Great Translation Movement | Norinco | Poly Technologies
לדיון,remove,5,סמלים צבאיים במלחמה,Military symbols used during the Russo-Ukrainian war,"סמלים, לא לחימה",Cossack cross | Flag of the Ukrainian Insurgent Army | National Idea (symbol) | Ribbon of Saint George
לדיון,remove,4,אזרחים שנהרגו במלחמה,Civilians killed in the Russo-Ukrainian war,דפים על אנשים פרטיים,Aleksandr Kalyaninov | Hokuma Aliyeva | Igor Kshnyakin | Olesya Vadimovna Sokur
לדיון,remove,4,בחירות רוסיות באוקראינה,Russian elections in Ukraine,פוליטי בשטחים כבושים,2018 Donbas general elections | 2023 elections in Russian-occupied Ukraine | 2026 Russian legislative election | By-elections to the 8th Russian State Duma
לדיון,remove,4,היבטים משפטיים של הפלישה,Russian invasion of Ukraine legal issues,בית הדין בהאג,ICC arrest warrants for Russian leaders | International Criminal Court investigation in Ukraine | Legality of the 2022 Russian invasion of Ukraine | Maryana Bezuhla
לדיון,keep,4,שיתוף פעולה אוקראיני עם רוסיה,Ukrainian collaboration with Russia,כולל גדוד מתנדבים,Collaboration with Russia during the Russo-Ukrainian war (2022–present) | Pavel Sudoplatov Battalion | Salvation Committee for Peace and Order | We Are Together with Russia
לדיון,keep,4,נשים במלחמה,Women in the Russo-Ukrainian war,מעורב,Darya Lantratova | Maryna Mirzaieva | Social Movement (Ukraine) | Viktoria Kovach
לדיון,remove,3,בריטניה והפלישה,United Kingdom and the Russian invasion of Ukraine,דיפלומטיה וביקורים,2023 visit by Volodymyr Zelenskyy to the United Kingdom | Kensington Treaty | May 2023 European visits by Volodymyr Zelenskyy
לדיון,remove,3,קבוצת וגנר,Wagner Group,"כללי, כולל אפריקה וסרט",Mercenaries in Africa after 1960 | PMC Wagner Centre | Tourist (film)
לדיון,keep,3,נשים בפלישה,Women in the Russian invasion of Ukraine,מעורב,Olga Kachura | Put Domoi (movement) | Women in the Russian invasion of Ukraine
לדיון,remove,2,אנטי-מיידאן,Anti-Maidan,רקע פוליטי 2014,Anti-Maidan (Russia) | Titushky
לדיון,keep,2,הפלישה לפי ערים,Russian invasion of Ukraine by city,תארי כבוד לערים,Hero City of Ukraine | Rescuer City
לדיון,keep,1,אנשים במלחמה בדונבס,People of the war in Donbas,מעורב,Women in the war in Donbas
להוריד,remove,160,ספורטאים אוקראינים ברוסיה בזמן המלחמה,Ukrainian sportspeople in Russia during the Russo-Ukrainian war,"ספורט, לא צבאי",Akhmed Alibekov | Aleksandr Filin | Alena Fomina-Klotz | Alla Lyshafay
להוריד,remove,128,פעילים רוסים נגד הפלישה,Russian activists against the Russian invasion of Ukraine,פעילות אזרחית/פוליטית,Aleksandr Skobov | Aleksandra Skochilenko | Alex Konanykhin | Alexander Podrabinek
להוריד,remove,89,תגובות לפלישה,Reactions to the Russian invasion of Ukraine,"תגובות בעולם, משאלי עם, הפגנות",100 Sobieskiego Street | 2022 Danish European Union opt-out referendum | 2022 Europe inflation protests | 2022 Nobel Peace Prize
להוריד,remove,77,אירועים שהושפעו מהפלישה,Events affected by the Russian invasion of Ukraine,"פסגות BRICS, אירועי ספורט ותרבות",15th BRICS summit | 16th BRICS summit | 17th BRICS summit | 2019 Trump–Zelenskyy phone call
להוריד,remove,41,סנקציות וחרמות,Sanctions and boycotts during the Russo-Ukrainian war,כלכלי,2025 Elisa data cable incident | Andrew Intrater | Boycott Russian Films | Columbus Nova
להוריד,remove,24,כתבי מלחמה,War correspondents of the Russo-Ukrainian war,עיתונאים,Alexander Kots (journalist) | Anne Hall Levine | David Axe | Elena Yoncheva
להוריד,remove,23,השפעות הפלישה,Impacts of the Russian invasion of Ukraine,"כלכלה, אנרגיה, שבבים",2020s European rearmament | 2020s energy crisis | 2020–2023 global chip shortage | 2021–2023 inflation surge
להוריד,remove,17,שירים על הפלישה,Songs about the Russian invasion of Ukraine,תרבות,12 (song) | 2step (song) | Bakhmut Fortress | City of Mary (song)
להוריד,remove,16,הפלישה בתרבות הפופולרית,Russian invasion of Ukraine in popular culture,תרבות,64th Annual Grammy Awards | Babylon'13 | Back to the Cold War | Foundations of Geopolitics
להוריד,remove,11,אירועים שהושפעו מסיפוח קרים,Events affected by the 2014 Russian annexation of Crimea,בחירות ואירועים פוליטיים,2014 Crimean parliamentary election | 2014 anti-war protests in Russia | 2019 Crimean parliamentary election | 2024 Crimean parliamentary election
להוריד,remove,10,הפילוג הכנסייתי מוסקבה-קונסטנטינופול 2018,2018 Moscow–Constantinople schism,דת,2022 Cypriot archiepiscopal election | Autocephaly of the Orthodox Church of Ukraine | Conflict between Filaret and Epiphanius | Estonian Christian Orthodox Church
להוריד,remove,8,ממים באינטרנט,Internet memes related to the Russian invasion of Ukraine,תרבות,1944 (song) | 2022 Chornobaivka attacks | Bavovna | Busification
להוריד,remove,8,טבח שביצעה וגנר,Massacres committed by the Wagner Group,"באפריקה, לא באוקראינה","Abeïbara massacres | Aïgbado massacre | Bria, Central African Republic | Danguèrè Wotoro massacre"
להוריד,remove,8,תגובות למלחמה,Reactions to the Russo-Ukrainian war,"תגובות, כולל שעשועון טלוויזיה",Appeasement | Catch Me If You Can (game show) | Comparisons between the Gaza war and the Russo-Ukrainian war | Demonstration in support of Ukraine
להוריד,remove,6,קרבות של וגנר,Battles involving the Wagner Group,"באפריקה, לא באוקראינה",2024 Haute-Kotto raid | Battle of Bangassou | Battle of Bangui (2021) | Battle of Khasham
להוריד,remove,6,סרטים על המלחמה,Russo-Ukrainian war films,תרבות,Dragon Dilatation | Hotsunlight | How to Divorce During the War | I Rarely Wake Up Dreaming
להוריד,remove,4,סרטים על הפלישה,Russian invasion of Ukraine films,תרבות,"Man of War (2026 film) | Rock, Paper, Scissors (2024 film) | The Konotop Witch (film) | Under the Volcano (2024 film)"
להוריד,remove,4,המלחמה בסיפורת,Russo-Ukrainian war in fiction,תרבות ומשחקים,Best in Hell | Combat Mission: Black Sea | Outside the Wire | The Sunflower Boys
להוריד,remove,4,יצירות על סיפוח קרים,Works about the 2014 Russian annexation of Crimea,תרבות,Cherkasy (film) | Crimea. The Way Home | Homeward (film) | Never Ever Can We Be Brothers
להוריד,remove,4,יצירות על הפלישה,Works about the Russian invasion of Ukraine,תרבות,Endling (2025 novel) | Same Here | Tango (Tananai song) | Ukrainian Fight Drone Simulator
להוריד,remove,3,תבואה והפלישה,Grain and the Russian invasion of Ukraine,כלכלי,2024 Polish farmers' protests | Famine in northern Ethiopia (2020–present) | Grain From Ukraine program
להוריד,remove,2,אירועים שהושפעו מהמלחמה בדונבס,Events affected by the War in Donbas,פסגות והחלטות,2014 G20 Brisbane summit | United Nations Security Council Resolution 2166
להוריד,remove,2,תקשורת והמלחמה,Media and the Russo-Ukrainian war,סיקור תקשורתי,Media portrayal of the Russo-Ukrainian war | Social media in the Russo-Ukrainian war
להוריד,remove,2,ספרי עיון על הפלישה,Non-fiction works about the Russian invasion of Ukraine,ספרים,The Showman | The Zelensky Effect
להוריד,remove,2,אנדרטאות המלחמה,Russo-Ukrainian war memorials,הנצחה,Memorial Museum of Combat Feats at the Overseas Military Operations | Russia's War Crimes House
להוריד,remove,2,יצירות על המלחמה,Works about the Russo-Ukrainian war,תרבות,Still City: Diary of an Invasion | War in 140 Characters
להוריד,remove,1,השפעות המלחמה,Impacts of the Russo-Ukrainian war,חברתי,LGBTQ people in the Russo-Ukrainian war
להוריד,remove,1,הסתה לרצח עם של אוקראינים,Incitement to genocide of Ukrainians,תיק משפטי בודד,Krasovsky case
להוריד,remove,1,ספרי עיון על המלחמה,Non-fiction works about the Russo-Ukrainian war,ספרים,Spin Dictators
להוריד,remove,1,טכנולוגיה גרעינית והפלישה,Nuclear technology and the Russian invasion of Ukraine,הדף היחיד לא קשור,Mount Shchekavytsia orgy
להוריד,remove,1,פעילות וגנר לפי מדינה,Wagner Group activities by country,"לוב, לא אוקראינה",Wagner Group activities in Libya
להוריד,remove,1,יצירות על המלחמה בדונבס,Works about the war in Donbas,ספרים,In Isolation: Dispatches from Occupied Donbas
להשאיר,keep,0,קרבות המלחמה בדונבס,Battles of the war in Donbas,קטגוריית שורש שנבחרה במכוון (הדפים שלה נכנסו קודם דרך מקורות אחרים),
